Captions,Visual Attributes
A coral-hued bicycle rests half-buried in golden sand under the shade of a twisted obsidian tree.,"coral-hued, golden, twisted, obsidian"
"A patchwork kite flutters gently across an amber sky, tethered to a towering, emerald-green windmill.","patchwork, amber, towering, emerald-green"
"A polished brass coffee mug sits forgotten on a floating mahogany plank above still, violet water.","polished, brass, floating, mahogany, violet"
A sapphire-hued bird with crystalline wings hovers silently over a bed of golden roses.,"sapphire-hued, crystalline, golden"
A weathered wooden violin lies among silver leaves in a dew-drenched forest glade.,"weathered, wooden, silver, dew-drenched"
"A soft lavender pillow floats midair in a sun-dappled bedroom, surrounded by swirling silver feathers.","soft, lavender, sun-dappled, silver"
A pale blue rabbit peers cautiously out of a glowing moss-covered burrow.,"pale, blue, glowing, moss-covered"
A shimmering black staircase ascends through clouds tinted with streaks of orange and teal.,"shimmering, black, orange, teal"
A set of marbled white chess pieces scattered across a glassy shoreline lit by a blood-red sunset.,"marbled, white, glassy, blood-red"
A glowing crimson lighthouse stands resolute amidst roaring sapphire waves under a stormy indigo sky.,"glowing, crimson, sapphire, stormy, indigo"
"A school of luminous goldfish glides through a library of floating, emerald-colored books.","luminous, floating, emerald-colored"
An intricately carved silver mirror reflects nothing but a swirling violet mist.,"intricately carved, silver, swirling, violet"
A caramel-brown backpack leans gently against a glowing tree trunk in an iridescent jungle.,"caramel-brown, glowing, iridescent"
A golden pineapple with spiked turquoise leaves rests proudly atop a silver platter.,"golden, spiked, turquoise, silver"
A swirling vortex of neon-colored butterflies hovers above a field of dusky violet grass.,"swirling, neon-colored, dusky, violet"
A crumbling brick castle sits in the middle of a calm lake reflecting the silver-tinted morning sky.,"crumbling, brick, calm, silver-tinted"
A collection of glistening ruby buttons scatters across a weathered blue workbench.,"glistening, ruby, weathered, blue"
"A pale green fox lounges on a tangerine rock beneath a silver, glowing crescent moon.","pale, green, tangerine, silver, glowing"
A giant porcelain teapot sits precariously atop an uneven tower of glowing amethyst stones.,"giant, porcelain, uneven, glowing, amethyst"
A translucent silver ladder extends from the forest floor to a swirling crimson-and-indigo sky.,"translucent, silver, swirling, crimson-and-indigo"
"A luscious green meadow with tiny, whimsical elves dancing beneath a warm sunset sky.","luscious, green, tiny, whimsical, warm, sunset"
A sleek silver smartphone lying on a rough wooden table beside a half-empty porcelain mug.,"sleek, silver, rough, wooden, half-empty, porcelain"
A robust purple donkey wearing a tiny pink bonnet in a dusty barn.,"robust, purple, tiny, pink, dusty"
A cluster of vibrant orange t-shirts fluttering on a shaky clothesline under a bright morning sun.,"vibrant, orange, shaky, bright, morning"
An elegant glass vase holding enormous scarlet roses on a pristine windowsill gleaming with sunlight.,"elegant, glass, enormous, scarlet, pristine"
A glossy black piano standing tall in a dimly lit concert hall surrounded by polished wooden chairs.,"glossy, black, dimly, lit, polished, wooden"
A gigantic cobalt whale swimming gracefully beneath shimmering teal waves in a silent ocean.,"gigantic, cobalt, shimmering, teal, silent"
A plump yellow capybara munching juicy green leaves beside a tranquil riverbank.,"plump, yellow, juicy, green, tranquil"
A delicate porcelain teacup resting atop a soft lace doily in a sunlit parlor.,"delicate, porcelain, soft, lace, sunlit"
A rowdy group of crimson-feathered birds soaring over an expansive sandy desert.,"rowdy, crimson-feathered, expansive, sandy"
"A lean, spotted cheetah perched atop a jagged gray rock in a quiet savannah.","lean, spotted, jagged, gray, quiet"
A cozy wooden classroom filled with colorful chalk drawings and giggling children.,"cozy, wooden, colorful"
"A tall basket of ripe, sapphire-hued berries resting beside a trickling forest stream.","tall, ripe, sapphire-hued, trickling"
A timid brown hare sniffing around a mossy hollow log beneath a twilight sky.,"timid, brown, mossy, hollow, twilight"
A radiant emerald coffee mug steaming gently on a tidy oak desk.,"radiant, emerald, tidy, oak"
A swift aqua dragonfly hovering just above dewy emerald ferns in a shaded grove.,"swift, aqua, dewy, emerald, shaded"
A chunky red watermelon split open on a rough stone slab beneath leafy branches.,"chunky, red, rough, stone, leafy"
A tiny azure butterfly perched lightly on a broad green lily pad in a misty pond.,"tiny, azure, broad, green, misty"
A polished copper doorknob glinting under a warm amber hallway light.,"polished, copper, warm, amber"
A narrow wooden footbridge arching over a gentle turquoise stream in a silent glade.,"narrow, wooden, gentle, turquoise, silent"
